 1,  0,  0.17797668278217316
 1,  1,  0.2920159101486206
 1,  100,  0.1520579755306244
 1,  200,  0.09782062470912933
 1,  300,  0.12966789305210114
 1,  400,  0.16395099461078644
 1,  500,  0.1558540314435959
 1,  600,   0.07902175188064575
 1,  700,  0.1519622802734375
 1,  800,  0.10114948451519012
 1,  900,  0.09251512587070465
 1,  1000,  0.09556316584348679
 1,  1100,  0.13866597414016724
 1,  1200,  0.0777277871966362
 1,  1300,  0.08827830106019974
 1,  1400,  0.1291487067937851
 1,  1500,  0.13372930884361267
 1,  1600,  0.07381810992956161
 1,  1700,  0.0934278666973114
 1,  1800,  0.13409282267093658
 1,  1900,  0.15249836444854736
 1,  2000,  0.07735000550746918
 1,  2100,  0.12230950593948364
 2,  0,  0.10934440791606903
 2,  1,  0.0792919173836708
 2,  100,  0.09315276145935059
 2,  200,  0.10691091418266296
 2,  300,  0.10289014875888824
 2,  400,  0.1218031495809555
 2,  500,  0.10040321946144104
 2,  600,  0.08404989540576935
 2,  700,  0.11641665548086166
 2,  800,  0.10840043425559998
 2,  900,  0.08789877593517303
 2,  1000,  0.14527319371700287
 2,  1100,  0.08701551705598831
 2,  1200,  0.12237276881933212
 2,  1300,  0.0853685736656189
 2,  1400,  0.13619446754455566
 2,  1500,  0.11385482549667358
 2,  1600,  0.132247656583786
 2,  1700,  0.10876993089914322
 2,  1800,  0.13827791810035706
 2,  1900,  0.08074508607387543
 2,  2000,  0.1316029131412506
 2,  2100,  0.12356067448854446
 3,  0,  0.11291585862636566
 3,  1,  0.16513532400131226
 3,  100,  0.08206795901060104
 3,  200,  0.09242071211338043
 3,  300,  0.06701169908046722
 3,  400,  0.16090735793113708
 3,  500,  0.08474893867969513
 3,  600,  0.15621565282344818
 3,  700,  0.08253870159387589
 3,  800,  0.11442571878433228
 3,  900,  0.09288616478443146
 3,  1000,  0.21482013165950775
 3,  1100,  0.08860168606042862
 3,  1200,  0.11574333906173706
 3,  1300,  0.09638704359531403
 3,  1400,  0.13123351335525513
 3,  1500,  0.133804053068161
 3,  1600,  0.12059280276298523
 3,  1700,  0.1208210289478302
 3,  1800,  0.15470007061958313
 3,  1900,  0.10387393087148666
 3,  2000,  0.09212279319763184
 3,  2100,  0.08036714792251587
 4,  0,  0.08326169848442078
 4,  1,  0.10734924674034119
 4,  100,  0.08946142345666885
 4,  200,  0.05406200513243675
 4,  300,  0.10816287994384766
 4,  400,  0.1696498841047287
 4,  500,  0.08304475992918015
 4,  600,  0.0797809287905693
 4,  700,  0.08033282309770584
 4,  800,  0.06035297363996506
 4,  900,  0.10838466882705688
 4,  1000,  0.10005804151296616
 4,  1100,  0.1005745530128479
 4,  1200,  0.10973098874092102
 4,  1300,  0.06718793511390686
 4,  1400,  0.11526451259851456
 4,  1500,  0.10806607455015182
 4,  1600,  0.11372006684541702
 4,  1700,  0.09215500950813293
 4,  1800,  0.12056268751621246
 4,  1900,  0.14360938966274261
 4,  2000,  0.09200412034988403
 4,  2100,  0.12074746936559677
 5,  0,  0.1883726567029953
 5,  1,  0.1384885460138321
 5,  100,  0.11732912808656693
 5,  200,  0.10140381753444672
 5,  300,  0.08127845823764801
 5,  400,  0.08505994826555252
 5,  500,  0.09428156167268753
 5,  600,  0.16122598946094513
 5,  700,  0.06734926253557205
 5,  800,  0.11928615719079971
 5,  900,  0.10782207548618317
 5,  1000,  0.07387097179889679
 5,  1100,  0.09797272086143494
 5,  1200,  0.09819299727678299
 5,  1300,  0.1046333983540535
 5,  1400,  0.07252409309148788
 5,  1500,  0.14422662556171417
 5,  1600,  0.06581549346446991
 5,  1700,  0.13597364723682404
 5,  1800,  0.07420264929533005
 5,  1900,  0.08269280195236206
 5,  2000,  0.05871587246656418
 5,  2100,  0.15136778354644775
 6,  0,  0.18797001242637634
 6,  1,  0.16149312257766724
 6,  100,  0.11459150165319443
 6,  200,  0.10370860993862152
 6,  300,  0.14882224798202515
 6,  400,  0.13658376038074493
 6,  500,  0.10143133252859116
 6,  600,  0.08667980879545212
 6,  700,  0.0668163001537323
 6,  800,  0.09931228309869766
 6,  900,  0.09409461915493011
 6,  1000,  0.20981039106845856
 6,  1100,  0.13409355282783508
 6,  1200,  0.10332853347063065
 6,  1300,  0.09297548979520798
 6,  1400,  0.07945124059915543
 6,  1500,  0.11612336337566376
 6,  1600,  0.10585097223520279
 6,  1700,  0.08781787753105164
 6,  1800,  0.10242059826850891
 6,  1900,  0.09635534137487411
 6,  2000,  0.09487726539373398
 6,  2100,  0.06962274760007858
 7,  0,  0.08873819559812546
 7,  1,  0.055709581822156906
 7,  100,  0.08538927137851715
 7,  200,  0.09910846501588821
 7,  300,  0.08370041102170944
 7,  400,  0.11762779206037521
 7,  500,  0.06889476627111435
 7,  600,  0.08440127968788147
 7,  700,  0.09908709675073624
 7,  800,  0.0904344916343689
 7,  900,  0.15038885176181793
 7,  1000,  0.08088500797748566
 7,  1100,  0.07090701162815094
 7,  1200,  0.08675358444452286
 7,  1300,  0.09951212257146835
 7,  1400,  0.11660436540842056
 7,  1500,  0.1275377720594406
 7,  1600,  0.10620322823524475
 7,  1700,  0.13728100061416626
 7,  1800,  0.08810868114233017
 7,  1900,  0.1461251825094223
 7,  2000,  0.10622869431972504
 7,  2100,  0.11840993911027908
 8,  0,  0.08826591819524765
 8,  1,  0.11547044664621353
 8,  100,  0.13600321114063263
 8,  200,  0.10120168328285217
 8,  300,  0.1119900643825531
 8,  400,  0.08909238874912262
 8,  500,  0.1836835891008377
 8,  600,  0.17333965003490448
 8,  700,  0.12032739818096161
 8,  800,  0.07498182356357574
 8,  900,  0.08201606571674347
 8,  1000,  0.08129262924194336
 8,  1100,  0.1714957356452942
 8,  1200,  0.13734979927539825
 8,  1300,  0.14282555878162384
 8,  1400,  0.10691435635089874
 8,  1500,  0.08844936639070511
 8,  1600,  0.11845257133245468
 8,  1700,  0.07408866286277771
 8,  1800,  0.06479603052139282
 8,  1900,  0.1030268669128418
 8,  2000,  0.09532761573791504
 8,  2100,  0.10058623552322388
 9,  0,  0.05692801624536514
 9,  1,  0.08312086015939713
 9,  100,  0.06602779030799866
 9,  200,  0.05485730990767479
 9,  300,  0.08317798376083374
 9,  400,  0.1035568118095398
 9,  500,  0.11724887788295746
 9,  600,  0.04976893961429596
 9,  700,  0.09579955786466599
 9,  800,  0.11183610558509827
 9,  900,  0.11988019943237305
 9,  1000,  0.16150766611099243
 9,  1100,  0.0848601907491684
 9,  1200,  0.12361812591552734
 9,  1300,  0.09747712314128876
 9,  1400,  0.08157304674386978
 9,  1500,  0.07265155017375946
 9,  1600,  0.06546449661254883
 9,  1700,  0.14788810908794403
 9,  1800,  0.13839618861675262
 9,  1900,  0.10242384672164917
 9,  2000,  0.17104528844356537
 9,  2100,  0.09313797205686569
 10,  0,  0.11952976137399673
 10,  1,  0.11464349925518036
 10,  100,  0.1211821585893631
 10,  200,  0.07597026228904724
 10,  300,  0.0730200856924057
 10,  400,  0.1338174045085907
 10,  500,  0.09089644253253937
 10,  600,  0.06701228022575378
 10,  700,  0.10071504861116409
 10,  800,  0.09046871960163116
 10,  900,  0.07293116301298141
 10,  1000,  0.09612634032964706
 10,  1100,  0.18525829911231995
 10,  1200,  0.11326301842927933
 10,  1300,  0.16619227826595306
 10,  1400,  0.07166095823049545
 10,  1500,  0.06900826841592789
 10,  1600,  0.13661059737205505
 10,  1700,  0.06647811084985733
 10,  1800,  0.17967164516448975
 10,  1900,  0.1632116734981537
 10,  2000,  0.06441840529441833
 10,  2100,  0.06307154893875122
 11,  0,  0.1482226550579071
 11,  1,  0.08191220462322235
 11,  100,  0.08280010521411896
 11,  200,  0.12016142904758453
 11,  300,  0.1449340581893921
 11,  400,  0.14659909904003143
 11,  500,  0.11305318027734756
 11,  600,  0.07360611855983734
 11,  700,  0.07367794215679169
 11,  800,  0.1710841804742813
 11,  900,  0.10494819283485413
 11,  1000,  0.09229759871959686
 11,  1100,  0.09626077860593796
 11,  1200,  0.11877264827489853
 11,  1300,  0.09508953243494034
 11,  1400,  0.10570627450942993
 11,  1500,  0.1220790445804596
 11,  1600,  0.1307605355978012
 11,  1700,  0.09981872886419296
 11,  1800,  0.07202990353107452
 11,  1900,  0.11524562537670135
 11,  2000,  0.11540032178163528
 11,  2100,  0.06022856757044792
 12,  0,  0.06396432965993881
 12,  1,  0.10241866856813431
 12,  100,  0.10658952593803406
 12,  200,  0.06607664376497269
 12,  300,  0.07096657156944275
 12,  400,  0.09989956766366959
 12,  500,  0.10033848136663437
 12,  600,  0.11646785587072372
 12,  700,  0.09151379764080048
 12,  800,  0.12008479982614517
 12,  900,  0.06744277477264404
 12,  1000,  0.1370430886745453
 12,  1100,  0.06956843286752701
 12,  1200,  0.09219685196876526
 12,  1300,  0.089774951338768
 12,  1400,  0.06966651231050491
 12,  1500,  0.07959465682506561
 12,  1600,  0.11793424934148788
 12,  1700,  0.0744691863656044
 12,  1800,  0.05947604030370712
 12,  1900,  0.14757122099399567
 12,  2000,  0.12127917259931564
 12,  2100,  0.08368106931447983
 13,  0,  0.07387061417102814
 13,  1,  0.11912304162979126
 13,  100,  0.11551002413034439
 13,  200,  0.08691205829381943
 13,  300,  0.09642038494348526
 13,  400,  0.0713619589805603
 13,  500,  0.09878745675086975
 13,  600,  0.16038914024829865
 13,  700,  0.0908430740237236
 13,  800,  0.14921186864376068
 13,  900,  0.15390072762966156
 13,  1000,  0.08367480337619781
 13,  1100,  0.10107454657554626
 13,  1200,  0.09557981789112091
 13,  1300,  0.2549353539943695
 13,  1400,  0.16426487267017365
 13,  1500,  0.07630275934934616
 13,  1600,  0.1096828356385231
 13,  1700,  0.1046876311302185
 13,  1800,  0.15687216818332672
 13,  1900,  0.07624173164367676
 13,  2000,  0.11499511450529099
 13,  2100,  0.0976564958691597
 14,  0,  0.07112544775009155
 14,  1,  0.051129817962646484
 14,  100,  0.13154438138008118
 14,  200,  0.08090433478355408
 14,  300,  0.11278568208217621
 14,  400,  0.10431282967329025
 14,  500,  0.09880733489990234
 14,  600,  0.09979799389839172
 14,  700,  0.13510273396968842
 14,  800,  0.08727845549583435
 14,  900,  0.09273862838745117
 14,  1000,  0.08594603836536407
 14,  1100,  0.10167243331670761
 14,  1200,  0.08025536686182022
 14,  1300,  0.09684644639492035
 14,  1400,  0.08819099515676498
 14,  1500,  0.07203824073076248
 14,  1600,  0.11459851264953613
 14,  1700,  0.12516997754573822
 14,  1800,  0.08987901359796524
 14,  1900,  0.1374601572751999
 14,  2000,  0.0836334303021431
 14,  2100,  0.1430683732032776
 15,  0,  0.12868236005306244
 15,  1,  0.18136724829673767
 15,  100,  0.06912384927272797
 15,  200,  0.12330345064401627
 15,  300,  0.07965777069330215
 15,  400,  0.09281167387962341
 15,  500,  0.09435772895812988
 15,  600,  0.08552499115467072
 15,  700,  0.08516860753297806
 15,  800,  0.0963394045829773
 15,  900,  0.1591700166463852
 15,  1000,  0.08381637930870056
 15,  1100,  0.08061078935861588
 15,  1200,  0.09074142575263977
 15,  1300,  0.09706796705722809
 15,  1400,  0.15959541499614716
 15,  1500,  0.0629936158657074
 15,  1600,  0.13339702785015106
 15,  1700,  0.12022761255502701
 15,  1800,  0.14356084167957306
 15,  1900,  0.1170775443315506
 15,  2000,  0.19600453972816467
 15,  2100,  0.07998675107955933
 16,  0,  0.0808219164609909
 16,  1,  0.06831458956003189
 16,  100,  0.08721992373466492
 16,  200,  0.0714489296078682
 16,  300,  0.08034322410821915
 16,  400,  0.0734468325972557
 16,  500,  0.07277720421552658
 16,  600,  0.09169177711009979
 16,  700,  0.061335183680057526
 16,  800,  0.10847286134958267
 16,  900,  0.11088994890451431
 16,  1000,  0.1892787516117096
 16,  1100,  0.08702057600021362
 16,  1200,  0.0981384739279747
 16,  1300,  0.10318093001842499
 16,  1400,  0.10937908291816711
 16,  1500,  0.10088744014501572
 16,  1600,  0.08736955374479294
 16,  1700,  0.08655281364917755
 16,  1800,  0.07844416797161102
 16,  1900,  0.1124824583530426
 16,  2000,  0.08475448936223984
 16,  2100,  0.10459695756435394
 17,  0,  0.06263744086027145
 17,  1,  0.14105594158172607
 17,  100,  0.15007703006267548
 17,  200,  0.17394821345806122
 17,  300,  0.05777275934815407
 17,  400,  0.0874362587928772
 17,  500,  0.09774722903966904
 17,  600,  0.05596670135855675
 17,  700,  0.0933595672249794
 17,  800,  0.16663353145122528
 17,  900,  0.1425463706254959
 17,  1000,  0.11136510223150253
 17,  1100,  0.07860499620437622
 17,  1200,  0.09964627027511597
 17,  1300,  0.08454950153827667
 17,  1400,  0.10573074221611023
 17,  1500,  0.12049350887537003
 17,  1600,  0.09897319972515106
 17,  1700,  0.09756889194250107
 17,  1800,  0.14250719547271729
 17,  1900,  0.09144851565361023
 17,  2000,  0.09753695130348206
 17,  2100,  0.12692049145698547
 18,  0,  0.1141679584980011
 18,  1,  0.07084675878286362
 18,  100,  0.10536608099937439
 18,  200,  0.10151113569736481
 18,  300,  0.12060186266899109
 18,  400,  0.058403871953487396
 18,  500,  0.12351886928081512
 18,  600,  0.07606834173202515
 18,  700,  0.18354350328445435
 18,  800,  0.14040428400039673
 18,  900,  0.06224414333701134
 18,  1000,  0.09275493770837784
 18,  1100,  0.09447255730628967
 18,  1200,  0.09342514723539352
 18,  1300,  0.06503446400165558
 18,  1400,  0.10443037003278732
 18,  1500,  0.08625947684049606
 18,  1600,  0.07303927093744278
 18,  1700,  0.13228602707386017
 18,  1800,  0.12032447755336761
 18,  1900,  0.1028132438659668
 18,  2000,  0.07462209463119507
 18,  2100,  0.09527014940977097
 19,  0,  0.16349250078201294
 19,  1,  0.08687713742256165
 19,  100,  0.11848378926515579
 19,  200,  0.08712439239025116
 19,  300,  0.08074171096086502
 19,  400,  0.09968297928571701
 19,  500,  0.07522093504667282
 19,  600,  0.1509481817483902
 19,  700,  0.07809503376483917
 19,  800,  0.08506675809621811
 19,  900,  0.09722092747688293
 19,  1000,  0.1914101392030716
 19,  1100,  0.06468220055103302
 19,  1200,  0.09486420452594757
 19,  1300,  0.13398034870624542
 19,  1400,  0.0629248321056366
 19,  1500,  0.07453940808773041
 19,  1600,  0.07961705327033997
 19,  1700,  0.08139621466398239
 19,  1800,  0.10058767348527908
 19,  1900,  0.11227910965681076
 19,  2000,  0.11607696861028671
 19,  2100,  0.09951060265302658
 20,  0,  0.06063714623451233
 20,  1,  0.0646287277340889
 20,  100,  0.12922357022762299
 20,  200,  0.12286718189716339
 20,  300,  0.0912313461303711
 20,  400,  0.12393828481435776
 20,  500,  0.1206195279955864
 20,  600,  0.12899234890937805
 20,  700,  0.12410268932580948
 20,  800,  0.103482685983181
 20,  900,  0.1335839182138443
 20,  1000,  0.07158918678760529
 20,  1100,  0.0638827532529831
 20,  1200,  0.09862922877073288
 20,  1300,  0.09389930963516235
 20,  1400,  0.0911627784371376
 20,  1500,  0.10348405689001083
 20,  1600,  0.11941547691822052
 20,  1700,  0.1083868220448494
 20,  1800,  0.06606122106313705
 20,  1900,  0.10906174033880234
 20,  2000,  0.0829881876707077
 20,  2100,  0.10247842967510223
 21,  0,  0.07609182596206665
 21,  1,  0.09534689784049988
 21,  100,  0.1551862508058548
 21,  200,  0.08815303444862366
 21,  300,  0.189249187707901
 21,  400,  0.0967358946800232
 21,  500,  0.1275109350681305
 21,  600,  0.12037117034196854
 21,  700,  0.17209139466285706
 21,  800,  0.08707445114850998
 21,  900,  0.06712379306554794
 21,  1000,  0.10965297371149063
 21,  1100,  0.07366479933261871
 21,  1200,  0.12160409241914749
 21,  1300,  0.09321097284555435
 21,  1400,  0.09035314619541168
 21,  1500,  0.08352681994438171
 21,  1600,  0.09226769208908081
 21,  1700,  0.08869779855012894
 21,  1800,  0.12227226048707962
 21,  1900,  0.07291236519813538
 21,  2000,  0.12248758226633072
 21,  2100,  0.07728110253810883
 22,  0,  0.06536724418401718
 22,  1,  0.10326730459928513
 22,  100,  0.08817218989133835
 22,  200,  0.11691589653491974
 22,  300,  0.11802859604358673
 22,  400,  0.060036659240722656
 22,  500,  0.10118593275547028
 22,  600,  0.10698956251144409
 22,  700,  0.11665616929531097
 22,  800,  0.07849226891994476
 22,  900,  0.14270970225334167
 22,  1000,  0.07907035201787949
 22,  1100,  0.10730747878551483
 22,  1200,  0.12252239882946014
 22,  1300,  0.06339611113071442
 22,  1400,  0.09442839026451111
 22,  1500,  0.1630888730287552
 22,  1600,  0.08282501250505447
 22,  1700,  0.0970301404595375
 22,  1800,  0.17810630798339844
 22,  1900,  0.143668532371521
 22,  2000,  0.09414523094892502
 22,  2100,  0.09901071339845657
 23,  0,  0.09346335381269455
 23,  1,  0.15235847234725952
 23,  100,  0.08495694398880005
 23,  200,  0.09852660447359085
 23,  300,  0.06512332707643509
 23,  400,  0.061210427433252335
 23,  500,  0.10048862546682358
 23,  600,  0.09212122112512589
 23,  700,  0.09500826150178909
 23,  800,  0.07823081314563751
 23,  900,  0.08940750360488892
 23,  1000,  0.09173339605331421
 23,  1100,  0.14679613709449768
 23,  1200,  0.12006757408380508
 23,  1300,  0.14422988891601562
 23,  1400,  0.08783058077096939
 23,  1500,  0.10145586729049683
 23,  1600,  0.10557132959365845
 23,  1700,  0.10968916863203049
 23,  1800,  0.13036280870437622
 23,  1900,  0.07948838919401169
 23,  2000,  0.11454784125089645
 23,  2100,  0.10016001015901566
 24,  0,  0.09201741963624954
 24,  1,  0.11347313970327377
 24,  100,  0.1333145648241043
 24,  200,  0.0721062645316124
 24,  300,  0.0859566330909729
 24,  400,  0.08710679411888123
 24,  500,  0.13223671913146973
 24,  600,  0.05567726120352745
 24,  700,  0.13979874551296234
 24,  800,  0.18378359079360962
 24,  900,  0.09601200371980667
 24,  1000,  0.14371219277381897
 24,  1100,  0.15886376798152924
 24,  1200,  0.10933263599872589
 24,  1300,  0.09753040224313736
 24,  1400,  0.13673382997512817
 24,  1500,  0.138215109705925
 24,  1600,  0.07042612135410309
 24,  1700,  0.0776921957731247
 24,  1800,  0.08038368821144104
 24,  1900,  0.1225547194480896
 24,  2000,  0.21257120370864868
 24,  2100,  0.11770686507225037
 25,  0,  0.07480087876319885
 25,  1,  0.08454657346010208
 25,  100,  0.11912467330694199
 25,  200,  0.08556448668241501
 25,  300,  0.08316374570131302
 25,  400,  0.11801257729530334
 25,  500,  0.09933757781982422
 25,  600,  0.08024046570062637
 25,  700,  0.08760320395231247
 25,  800,  0.0672372505068779
 25,  900,  0.08189216256141663
 25,  1000,  0.10453826934099197
 25,  1100,  0.13819706439971924
 25,  1200,  0.12122348695993423
 25,  1300,  0.08388062566518784
 25,  1400,  0.0941234901547432
 25,  1500,  0.10355878621339798
 25,  1600,  0.09206600487232208
 25,  1700,  0.1125928983092308
 25,  1800,  0.23454929888248444
 25,  1900,  0.07264282554388046
 25,  2000,  0.13261809945106506
 25,  2100,  0.06753881275653839
 26,  0,  0.08101925998926163
 26,  1,  0.06179342418909073
 26,  100,  0.10435405373573303
 26,  200,  0.09522882103919983
 26,  300,  0.08599679917097092
 26,  400,  0.09249529987573624
 26,  500,  0.16529545187950134
 26,  600,  0.09727324545383453
 26,  700,  0.07070162892341614
 26,  800,  0.07900823652744293
 26,  900,  0.07988341152667999
 26,  1000,  0.15922683477401733
 26,  1100,  0.0760033130645752
 26,  1200,  0.1180390939116478
 26,  1300,  0.057950157672166824
 26,  1400,  0.07393337041139603
 26,  1500,  0.12882882356643677
 26,  1600,  0.14464029669761658
 26,  1700,  0.12689991295337677
 26,  1800,  0.08118949830532074
 26,  1900,  0.14581985771656036
 26,  2000,  0.07857809215784073
 26,  2100,  0.08112724125385284
 27,  0,  0.07710040360689163
 27,  1,  0.11907999217510223
 27,  100,  0.08069150149822235
 27,  200,  0.10602691769599915
 27,  300,  0.12280634045600891
 27,  400,  0.10877124965190887
 27,  500,  0.10053785145282745
 27,  600,  0.11883828043937683
 27,  700,  0.1010260134935379
 27,  800,  0.1045781672000885
 27,  900,  0.09452424943447113
 27,  1000,  0.1311509758234024
 27,  1100,  0.07869935035705566
 27,  1200,  0.09501420706510544
 27,  1300,  0.07804866135120392
 27,  1400,  0.07523738592863083
 27,  1500,  0.1336764246225357
 27,  1600,  0.11633892357349396
 27,  1700,  0.07197530567646027
 27,  1800,  0.08144054561853409
 27,  1900,  0.10907022655010223
 27,  2000,  0.06620461493730545
 27,  2100,  0.049613866955041885
 28,  0,  0.05927710235118866
 28,  1,  0.21662276983261108
 28,  100,  0.08845312893390656
 28,  200,  0.18579860031604767
 28,  300,  0.14619262516498566
 28,  400,  0.0915682390332222
 28,  500,  0.1143002137541771
 28,  600,  0.13950414955615997
 28,  700,  0.09865736216306686
 28,  800,  0.16760963201522827
 28,  900,  0.0730210468173027
 28,  1000,  0.08416324853897095
 28,  1100,  0.09622760862112045
 28,  1200,  0.0652623325586319
 28,  1300,  0.08521808683872223
 28,  1400,  0.07728681713342667
 28,  1500,  0.07250189781188965
 28,  1600,  0.11854997277259827
 28,  1700,  0.20518921315670013
 28,  1800,  0.09660301357507706
 28,  1900,  0.11029975861310959
 28,  2000,  0.0793037861585617
 28,  2100,  0.18151256442070007
 29,  0,  0.1409243792295456
 29,  1,  0.13533391058444977
 29,  100,  0.0965348407626152
 29,  200,  0.13312721252441406
 29,  300,  0.09895536303520203
 29,  400,  0.09475968033075333
 29,  500,  0.2167675793170929
 29,  600,  0.1297493427991867
 29,  700,  0.09406132996082306
 29,  800,  0.08006427437067032
 29,  900,  0.08505907654762268
 29,  1000,  0.09476843476295471
 29,  1100,  0.16870588064193726
 29,  1200,  0.09390085935592651
 29,  1300,  0.175602525472641
 29,  1400,  0.11913646757602692
 29,  1500,  0.12832017242908478
 29,  1600,  0.06409861892461777
 29,  1700,  0.0722942128777504
 29,  1800,  0.1002730280160904
 29,  1900,  0.06765889376401901
 29,  2000,  0.09267786145210266
 29,  2100,  0.16212867200374603
 30,  0,  0.10439731925725937
 30,  1,  0.07982735335826874
 30,  100,  0.08895924687385559
 30,  200,  0.1498565822839737
 30,  300,  0.2644842267036438
 30,  400,  0.11411245167255402
 30,  500,  0.11880868673324585
 30,  600,  0.14073030650615692
 30,  700,  0.07933046668767929
 30,  800,  0.14137649536132812
 30,  900,  0.1158841922879219
 30,  1000,  0.08399271219968796
 30,  1100,  0.08584754168987274
 30,  1200,  0.08967432379722595
 30,  1300,  0.10748319327831268
 30,  1400,  0.1307603418827057
 30,  1500,  0.07277899980545044
 30,  1600,  0.1221897229552269
 30,  1700,  0.0888313576579094
 30,  1800,  0.08189626783132553
 30,  1900,  0.08365600556135178
 30,  2000,  0.13276217877864838
 30,  2100,  0.1069350466132164
 31,  0,  0.0689626932144165
 31,  1,  0.07930609583854675
 31,  100,  0.09186254441738129
 31,  200,  0.0725361555814743
 31,  300,  0.16340315341949463
 31,  400,  0.10275743156671524
 31,  500,  0.08094964921474457
 31,  600,  0.14388756453990936
 31,  700,  0.12198033928871155
 31,  800,  0.081845223903656
 31,  900,  0.05663972720503807
 31,  1000,  0.15616361796855927
 31,  1100,  0.1362188309431076
 31,  1200,  0.07728037238121033
 31,  1300,  0.0904993936419487
 31,  1400,  0.0601482093334198
 31,  1500,  0.07120028138160706
 31,  1600,  0.06324250996112823
 31,  1700,  0.12917973101139069
 31,  1800,  0.07972221076488495
 31,  1900,  0.1441459208726883
 31,  2000,  0.05760188400745392
 31,  2100,  0.07361283153295517
 32,  0,  0.1334099918603897
 32,  1,  0.11307463049888611
 32,  100,  0.0542997345328331
 32,  200,  0.13082662224769592
 32,  300,  0.10898376256227493
 32,  400,  0.16386890411376953
 32,  500,  0.06305205076932907
 32,  600,  0.14778652787208557
 32,  700,  0.12047788500785828
 32,  800,  0.08744029700756073
 32,  900,  0.13649334013462067
 32,  1000,  0.0850214958190918
 32,  1100,  0.05297691747546196
 32,  1200,  0.0987919420003891
 32,  1300,  0.19748958945274353
 32,  1400,  0.10423041135072708
 32,  1500,  0.12564527988433838
 32,  1600,  0.08061333745718002
 32,  1700,  0.06336168199777603
 32,  1800,  0.08405160903930664
 32,  1900,  0.11390510201454163
 32,  2000,  0.141847625374794
 32,  2100,  0.13121171295642853
 33,  0,  0.13026143610477448
 33,  1,  0.1461513191461563
 33,  100,  0.06256749480962753
 33,  200,  0.1379469931125641
 33,  300,  0.06346437335014343
 33,  400,  0.11003951728343964
 33,  500,  0.10970884561538696
 33,  600,  0.09883382171392441
 33,  700,  0.1567409187555313
 33,  800,  0.1827063411474228
 33,  900,  0.15052030980587006
 33,  1000,  0.09446623176336288
 33,  1100,  0.09256230294704437
 33,  1200,  0.19779546558856964
 33,  1300,  0.08694988489151001
 33,  1400,  0.09121355414390564
 33,  1500,  0.0692717581987381
 33,  1600,  0.06857283413410187
 33,  1700,  0.12171192467212677
 33,  1800,  0.11628399044275284
 33,  1900,  0.07084796577692032
 33,  2000,  0.08117790520191193
 33,  2100,  0.15566816926002502
 34,  0,  0.13028576970100403
 34,  1,  0.10034404695034027
 34,  100,  0.1811942458152771
 34,  200,  0.10639837384223938
 34,  300,  0.11874758452177048
 34,  400,  0.15355314314365387
 34,  500,  0.17325858771800995
 34,  600,  0.04891664534807205
 34,  700,  0.09232670068740845
 34,  800,  0.07914572209119797
 34,  900,  0.08403049409389496
 34,  1000,  0.09322574734687805
 34,  1100,  0.07979549467563629
 34,  1200,  0.11158115416765213
 34,  1300,  0.12330655753612518
 34,  1400,  0.12704072892665863
 34,  1500,  0.09047684073448181
 34,  1600,  0.09951500594615936
 34,  1700,  0.06456959247589111
 34,  1800,  0.09698940068483353
 34,  1900,  0.10236410051584244
 34,  2000,  0.1581025868654251
 34,  2100,  0.11556005477905273
 35,  0,  0.08703591674566269
 35,  1,  0.09635131806135178
 35,  100,  0.09837646782398224
 35,  200,  0.061342086642980576
 35,  300,  0.07189612090587616
 35,  400,  0.06409896165132523
 35,  500,  0.1215958371758461
 35,  600,  0.10707071423530579
 35,  700,  0.19917994737625122
 35,  800,  0.11939342319965363
 35,  900,  0.09096155315637589
 35,  1000,  0.09587810188531876
 35,  1100,  0.09979833662509918
 35,  1200,  0.18725846707820892
 35,  1300,  0.14271090924739838
 35,  1400,  0.07119523733854294
 35,  1500,  0.0900525450706482
 35,  1600,  0.07702065259218216
 35,  1700,  0.1021193414926529
 35,  1800,  0.07991825044155121
 35,  1900,  0.09152888506650925
 35,  2000,  0.0907064825296402
 35,  2100,  0.07058033347129822
 36,  0,  0.13925230503082275
 36,  1,  0.10855980217456818
 36,  100,  0.0640440583229065
 36,  200,  0.09941168129444122
 36,  300,  0.13896559178829193
 36,  400,  0.06884124875068665
 36,  500,  0.07076867669820786
 36,  600,  0.08777599036693573
 36,  700,  0.13194188475608826
 36,  800,  0.08556835353374481
 36,  900,  0.08793845027685165
 36,  1000,  0.10269980132579803
 36,  1100,  0.08606252074241638
 36,  1200,  0.08666696399450302
 36,  1300,  0.12658995389938354
 36,  1400,  0.07382137328386307
 36,  1500,  0.0951470211148262
 36,  1600,  0.11638681590557098
 36,  1700,  0.08989875763654709
 36,  1800,  0.06139610335230827
 36,  1900,  0.12225999683141708
 36,  2000,  0.06720498204231262
 36,  2100,  0.05720265209674835
 37,  0,  0.09106061607599258
 37,  1,  0.09428489953279495
 37,  100,  0.08023390173912048
 37,  200,  0.07433408498764038
 37,  300,  0.10527795553207397
 37,  400,  0.09065011888742447
 37,  500,  0.10767462104558945
 37,  600,  0.06441666185855865
 37,  700,  0.11576475203037262
 37,  800,  0.07268525660037994
 37,  900,  0.07341977208852768
 37,  1000,  0.08336180448532104
 37,  1100,  0.08605965971946716
 37,  1200,  0.10125771164894104
 37,  1300,  0.07624503970146179
 37,  1400,  0.06508025527000427
 37,  1500,  0.06255127489566803
 37,  1600,  0.10370933264493942
 37,  1700,  0.08274336159229279
 37,  1800,  0.09043409675359726
 37,  1900,  0.07855760306119919
 37,  2000,  0.12278993427753448
 37,  2100,  0.06984707713127136
 38,  0,  0.14832259714603424
 38,  1,  0.17833682894706726
 38,  100,  0.09768322110176086
 38,  200,  0.07363403588533401
 38,  300,  0.08994956314563751
 38,  400,  0.06504830718040466
 38,  500,  0.1206880584359169
 38,  600,  0.15046323835849762
 38,  700,  0.05101392790675163
 38,  800,  0.0824819952249527
 38,  900,  0.08404434472322464
 38,  1000,  0.08212119340896606
 38,  1100,  0.09087865799665451
 38,  1200,  0.10941951721906662
 38,  1300,  0.1581617295742035
 38,  1400,  0.1594584733247757
 38,  1500,  0.06342720240354538
 38,  1600,  0.128169983625412
 38,  1700,  0.183181032538414
 38,  1800,  0.07438987493515015
 38,  1900,  0.07715380936861038
 38,  2000,  0.14788179099559784
 38,  2100,  0.09691415727138519
 39,  0,  0.07250227779150009
 39,  1,  0.0777730643749237
 39,  100,  0.11987613886594772
 39,  200,  0.12009510397911072
 39,  300,  0.11043687909841537
 39,  400,  0.0982346162199974
 39,  500,  0.08867766708135605
 39,  600,  0.0833221822977066
 39,  700,  0.08668530732393265
 39,  800,  0.10978367924690247
 39,  900,  0.07082749158143997
 39,  1000,  0.07255564630031586
 39,  1100,  0.08716855198144913
 39,  1200,  0.12034500390291214
 39,  1300,  0.08785936236381531
 39,  1400,  0.09431762993335724
 39,  1500,  0.07978527992963791
 39,  1600,  0.12312503904104233
 39,  1700,  0.1263648122549057
 39,  1800,  0.09152404963970184
 39,  1900,  0.08927649259567261
 39,  2000,  0.057998381555080414
 39,  2100,  0.1038741022348404
 40,  0,  0.0577416718006134
 40,  1,  0.12664350867271423
 40,  100,  0.08466067910194397
 40,  200,  0.06472373008728027
 40,  300,  0.10652679204940796
 40,  400,  0.09935495257377625
 40,  500,  0.05866033583879471
 40,  600,  0.10058771818876266
 40,  700,  0.08741672337055206
 40,  800,  0.12619252502918243
 40,  900,  0.08354604989290237
 40,  1000,  0.1478688269853592
 40,  1100,  0.13081464171409607
 40,  1200,  0.16039448976516724
 40,  1300,  0.11940871924161911
 40,  1400,  0.06216994673013687
 40,  1500,  0.12671542167663574
 40,  1600,  0.08883838355541229
 40,  1700,  0.09351164102554321
 40,  1800,  0.0920364111661911
 40,  1900,  0.12714408338069916
 40,  2000,  0.10169748961925507
 40,  2100,  0.09780482947826385
 41,  0,  0.12016651034355164
 41,  1,  0.11488883942365646
 41,  100,  0.1063539907336235
 41,  200,  0.1061084195971489
 41,  300,  0.10211893171072006
 41,  400,  0.08378197997808456
 41,  500,  0.14473308622837067
 41,  600,  0.06771064549684525
 41,  700,  0.08074420690536499
 41,  800,  0.10771404206752777
 41,  900,  0.09280422329902649
 41,  1000,  0.08522071689367294
 41,  1100,  0.11559485644102097
 41,  1200,  0.12037937343120575
 41,  1300,  0.1146453469991684
 41,  1400,  0.08728436380624771
 41,  1500,  0.07426953315734863
 41,  1600,  0.12264151871204376
 41,  1700,  0.12392814457416534
 41,  1800,  0.07241689413785934
 41,  1900,  0.08963769674301147
 41,  2000,  0.09095249325037003
 41,  2100,  0.08630052208900452
 42,  0,  0.0966193675994873
 42,  1,  0.11178573966026306
 42,  100,  0.08557546883821487
 42,  200,  0.07269447296857834
 42,  300,  0.09005455672740936
 42,  400,  0.09916332364082336
 42,  500,  0.13326720893383026
 42,  600,  0.0798657014966011
 42,  700,  0.14295756816864014
 42,  800,  0.13857588171958923
 42,  900,  0.11032767593860626
 42,  1000,  0.09874501824378967
 42,  1100,  0.18359598517417908
 42,  1200,  0.07251869887113571
 42,  1300,  0.09322240948677063
 42,  1400,  0.06791926175355911
 42,  1500,  0.07510143518447876
 42,  1600,  0.13801927864551544
 42,  1700,  0.08506859093904495
 42,  1800,  0.17173446714878082
 42,  1900,  0.09011475741863251
 42,  2000,  0.07675453275442123
 42,  2100,  0.08459624648094177
 43,  0,  0.12834370136260986
 43,  1,  0.08693882077932358
 43,  100,  0.09719051420688629
 43,  200,  0.11063681542873383
 43,  300,  0.10916195064783096
 43,  400,  0.06977802515029907
 43,  500,  0.1006365492939949
 43,  600,  0.12484870851039886
 43,  700,  0.07382647693157196
 43,  800,  0.10536900162696838
 43,  900,  0.06438224017620087
 43,  1000,  0.10566125810146332
 43,  1100,  0.09826652705669403
 43,  1200,  0.08563368022441864
 43,  1300,  0.15659306943416595
 43,  1400,  0.08421748876571655
 43,  1500,  0.11330390721559525
 43,  1600,  0.17676952481269836
 43,  1700,  0.10282120108604431
 43,  1800,  0.11695694178342819
 43,  1900,  0.09869827330112457
 43,  2000,  0.1430925875902176
 43,  2100,  0.07145725935697556
 44,  0,  0.1305370181798935
 44,  1,  0.1344800442457199
 44,  100,  0.09534294158220291
 44,  200,  0.15937663614749908
 44,  300,  0.06694404780864716
 44,  400,  0.08119335770606995
 44,  500,  0.08883756399154663
 44,  600,  0.08949129283428192
 44,  700,  0.11175905913114548
 44,  800,  0.08132835477590561
 44,  900,  0.07129646092653275
 44,  1000,  0.07854226976633072
 44,  1100,  0.10799196362495422
 44,  1200,  0.13296091556549072
 44,  1300,  0.08942627906799316
 44,  1400,  0.1066344827413559
 44,  1500,  0.09573963284492493
 44,  1600,  0.11338704824447632
 44,  1700,  0.07031729817390442
 44,  1800,  0.12283860892057419
 44,  1900,  0.12869565188884735
 44,  2000,  0.15980969369411469
 44,  2100,  0.10841737687587738
 45,  0,  0.12253406643867493
 45,  1,  0.10468139499425888
 45,  100,  0.0771380215883255
 45,  200,  0.09266237169504166
 45,  300,  0.2171829640865326
 45,  400,  0.1199343129992485
 45,  500,  0.07050476223230362
 45,  600,  0.08935035765171051
 45,  700,  0.10352324694395065
 45,  800,  0.16639062762260437
 45,  900,  0.0755879133939743
 45,  1000,  0.1250794231891632
 45,  1100,  0.07747393101453781
 45,  1200,  0.0740499198436737
 45,  1300,  0.07371056824922562
 45,  1400,  0.08298347145318985
 45,  1500,  0.09789970517158508
 45,  1600,  0.08950474858283997
 45,  1700,  0.09981391578912735
 45,  1800,  0.09388770908117294
 45,  1900,  0.0995437428355217
 45,  2000,  0.13419102132320404
 45,  2100,  0.053612060844898224
 46,  0,  0.08851099759340286
 46,  1,  0.08232240378856659
 46,  100,  0.1384553462266922
 46,  200,  0.08710752427577972
 46,  300,  0.07371154427528381
 46,  400,  0.07570872455835342
 46,  500,  0.08293997496366501
 46,  600,  0.10689306259155273
 46,  700,  0.12734776735305786
 46,  800,  0.2067025750875473
 46,  900,  0.127111554145813
 46,  1000,  0.11446850001811981
 46,  1100,  0.09674900025129318
 46,  1200,  0.09651109576225281
 46,  1300,  0.07475052028894424
 46,  1400,  0.08276683837175369
 46,  1500,  0.09906254708766937
 46,  1600,  0.07695796340703964
 46,  1700,  0.1084156408905983
 46,  1800,  0.07876964658498764
 46,  1900,  0.145693838596344
 46,  2000,  0.0850648283958435
 46,  2100,  0.06321267783641815
 47,  0,  0.1278495192527771
 47,  1,  0.11043836921453476
 47,  100,  0.14952456951141357
 47,  200,  0.12894971668720245
 47,  300,  0.09125420451164246
 47,  400,  0.1239180788397789
 47,  500,  0.12871894240379333
 47,  600,  0.1623302847146988
 47,  700,  0.08529063314199448
 47,  800,  0.07288388907909393
 47,  900,  0.09823618084192276
 47,  1000,  0.07782997190952301
 47,  1100,  0.13183462619781494
 47,  1200,  0.09956428408622742
 47,  1300,  0.065524160861969
 47,  1400,  0.1175219789147377
 47,  1500,  0.11658841371536255
 47,  1600,  0.0995073914527893
 47,  1700,  0.09332935512065887
 47,  1800,  0.1310349404811859
 47,  1900,  0.06969514489173889
 47,  2000,  0.0818517878651619
 47,  2100,  0.12563484907150269
 48,  0,  0.1413358449935913
 48,  1,  0.07693003863096237
 48,  100,  0.08930914103984833
 48,  200,  0.12016568332910538
 48,  300,  0.1625465601682663
 48,  400,  0.07780003547668457
 48,  500,  0.12389533966779709
 48,  600,  0.13045814633369446
 48,  700,  0.060963984578847885
 48,  800,  0.08539703488349915
 48,  900,  0.13161715865135193
 48,  1000,  0.12841641902923584
 48,  1100,  0.14330555498600006
 48,  1200,  0.08283302187919617
 48,  1300,  0.08633778244256973
 48,  1400,  0.10114303231239319
 48,  1500,  0.08446548134088516
 48,  1600,  0.18077373504638672
 48,  1700,  0.07844073325395584
 48,  1800,  0.09100812673568726
 48,  1900,  0.11633853614330292
 48,  2000,  0.05808341130614281
 48,  2100,  0.067039854824543
 49,  0,  0.07329555600881577
 49,  1,  0.19080746173858643
 49,  100,  0.11517299711704254
 49,  200,  0.12141568213701248
 49,  300,  0.1801651418209076
 49,  400,  0.06567955017089844
 49,  500,  0.10818233340978622
 49,  600,  0.09000937640666962
 49,  700,  0.08371792733669281
 49,  800,  0.07747625559568405
 49,  900,  0.0824548602104187
 49,  1000,  0.07171620428562164
 49,  1100,  0.07613632827997208
 49,  1200,  0.11213453114032745
 49,  1300,  0.10870727896690369
 49,  1400,  0.074213907122612
 49,  1500,  0.08883894234895706
 49,  1600,  0.09126325696706772
 49,  1700,  0.0970519483089447
 49,  1800,  0.08207998424768448
 49,  1900,  0.059587325900793076
 49,  2000,  0.07925570756196976
 49,  2100,  0.08935307711362839
 50,  0,  0.15488016605377197
 50,  1,  0.08045033365488052
 50,  100,  0.06309279799461365
 50,  200,  0.14207418262958527
 50,  300,  0.14418400824069977
 50,  400,  0.05580602586269379
 50,  500,  0.12788641452789307
 50,  600,  0.06074059009552002
 50,  700,  0.11556476354598999
 50,  800,  0.10677244514226913
 50,  900,  0.11739303916692734
 50,  1000,  0.2116347849369049
 50,  1100,  0.06060390919446945
 50,  1200,  0.08644086122512817
 50,  1300,  0.07764182984828949
 50,  1400,  0.08500828593969345
 50,  1500,  0.09604402631521225
 50,  1600,  0.102202869951725
 50,  1700,  0.06895636767148972
 50,  1800,  0.10699468851089478
 50,  1900,  0.11917705833911896
 50,  2000,  0.11496271193027496
 50,  2100,  0.09115590900182724
